課程名稱,優惠碼,網址
Shopify for beginners,73280CCDCA90629758EE,https://www.udemy.com/course/the-complete-shopify-store-creation-course/?couponCode=73280CCDCA90629758EE
Shopify for beginners,594110573E191F7FCCD7,https://www.udemy.com/course/start-your-own-clothing-brand-with-shopify/?couponCode=594110573E191F7FCCD7
Shopify for beginners,608D15F019734EEF8A22,https://www.udemy.com/course/shopify-bootcamp-increase-your-sales-and-conversion-rate/?couponCode=608D15F019734EEF8A22
Learning Weather Terms and Forecasting for Beginners,63B7B199127C3E9B80B7,https://www.udemy.com/course/learn-about-weather/?couponCode=63B7B199127C3E9B80B7
Create and design desktop and mobile-friendly websites using Canvas design tool for Free,FREEAPRIL,https://www.udemy.com/course/create-free-web-pages-in-2-hours/?couponCode=FREEAPRIL
"»Aprende a crear diseño, dibujo digital y retoque fotográfico con Photoshop como todo un profesional. « +20H | +260 LEC.",933FBE614661ED02759C,https://www.udemy.com/course/megapackdephotoshop/?couponCode=933FBE614661ED02759C
Let incredible Artificial Intelligence (AI) tools write content for you automatically in 2021,056F7007E892A5B35151,https://www.udemy.com/course/artificial-intelligence-content-creation-tools-2019/?couponCode=056F7007E892A5B35151
Lean how to create web pages using HTML,YOUACCEL39550,https://www.udemy.com/course/learn-html-for-beginners/?couponCode=YOUACCEL39550
How to use Maven as a DevOps Engineer,MAVENFREE,https://www.udemy.com/course/valaxy-maven/?couponCode=MAVENFREE
A Quick Way to Learn and Solve Optimization Problems in MATLAB. A Course for Beginners.,6463E10526FFF7F7C3C8,https://www.udemy.com/course/genetic-algorithm/?couponCode=6463E10526FFF7F7C3C8
Learn the critical fundamentals of video editing with Avid Media Composer.,FF190A797BAA04AE26DF,https://www.udemy.com/course/learn-avid-media-composer-first-for-beginners/?couponCode=FF190A797BAA04AE26DF
Utilizing one of the top marketplaces for digital services,LETSGO,https://www.udemy.com/course/fiverr-crash-course-for-beginners/?couponCode=LETSGO
Everything You Need to Know To Start creating Amazing Photos,988B279283F7E2A119CF,https://www.udemy.com/course/lightroom-classic-cc-masterclass-complete-easy-walkthrough/?couponCode=988B279283F7E2A119CF
Everything you need to know about Agile Software Development,EBEB2EA5A9AB701EC75D,https://www.udemy.com/course/agile-bootcamp/?couponCode=EBEB2EA5A9AB701EC75D
"If you want to position your business for success, hire a diverse workforce.",APRIL21,https://www.udemy.com/course/diversity-at-workplace-t/?couponCode=APRIL21
Learn to Build Database Driven Web Applications using PHP & MySQL,YOUACCEL39550,https://www.udemy.com/course/php-mysql-certification-course-for-beginners/?couponCode=YOUACCEL39550
"Launch your own Mobile App in 2 hours. We will build a mobile app with Google Sheets and Glide, with no coding required.",FREEAPRIL,https://www.udemy.com/course/build-a-mobile-app-without-coding/?couponCode=FREEAPRIL
Create and launch your own Shopify store anywhere in the world and learn from a 6 Shopify stores Owner,FREEAPRIL,https://www.udemy.com/course/shopify-guide-from-zero-to-creating-your-own-store/?couponCode=FREEAPRIL
Memory concentration and skills,AB266A84C1CEA232E067,https://www.udemy.com/course/dynamic-memory-and-learning-skills-course/?couponCode=AB266A84C1CEA232E067
"Master the College/AP physics from classical to modern physics, then test your knowledge with 300+ practice exercises!",F1650DF11661D5F6E782,https://www.udemy.com/course/the-complete-ap-physics-course/?couponCode=F1650DF11661D5F6E782
"Build Docker containers and deploy them to AWS using services like ECR, ECS, EKS, Elastic Beanstalk and Copilot.",2EC59A8735D291C12388,https://www.udemy.com/course/up-running-with-containers-in-aws/?couponCode=2EC59A8735D291C12388
Learn jQuery ,JQUERYAPR2021,https://www.udemy.com/course/learn-jquery-from-beginning-to-advanced/?couponCode=JQUERYAPR2021
"Bitcoin, Blockchain, Bitcoin Mining, DeFi, BTC buy / sell, business applications in simple English+ Hindi Language",9F7F313992DF57D4D6CD,https://www.udemy.com/course/learn-all-about-bitcoin-and-blockchain/?couponCode=9F7F313992DF57D4D6CD
Everything you need to know about the techniques of world’s top management consulting firms to land 6-figure job offer,E85426D81C0512E4866F,https://www.udemy.com/course/management-consulting-problem-solving/?couponCode=E85426D81C0512E4866F
Learn Everything You Need To Create Profitable PPC Campaigns and Generate More Amazon Sales,FREEPPCCOURSE,https://www.udemy.com/course/amazon-ppc-masterclass-the-ultimate-ppc-guide/?couponCode=FREEPPCCOURSE
"Problem solving, communication, corporate strategy, financial analysis, operations analysis. Everything is included!",678227F3D0E106A5A2D2,https://www.udemy.com/course/management-consulting-business-strategy/?couponCode=678227F3D0E106A5A2D2
Aprende los secretos para dibujar personajes estilo cartoon de manera sencilla y ágil.,F4F0489D642463A9D400,https://www.udemy.com/course/curso-de-dibujo-cartoon/?couponCode=F4F0489D642463A9D400
Learn Affinity Publisher (part of Affinity Suite) as Fast As Possible. From Affinity Publisher Beginner To Advanced.,945BF2351A42E92CA129,https://www.udemy.com/course/affinity-publisher-guide/?couponCode=945BF2351A42E92CA129
"TubeHeroes – Practical & Complete Guide to YouTube Growth, YouTube Channel & YouTube Masterclass",DA75E273A5D5D3317725,https://www.udemy.com/course/tubeheroes/?couponCode=DA75E273A5D5D3317725
"Learn Portrait Photography, Landscape Photography, Stock Photography, Photography Composition, Black and White, and more",PHOTO21APR2021,https://www.udemy.com/course/interactive-photography-basics/?couponCode=PHOTO21APR2021
A perfect JavaScript course for all those who want to learn and master JavaScript programming skills right from scratch.,FREEAPR1,https://www.udemy.com/course/javascript-basics-to-advanced/?couponCode=FREEAPR1
Para tu desarrollo humano y profesional,DC167C9B477F2ED1DD98,https://www.udemy.com/course/excelencia-en-liderazgo/?couponCode=DC167C9B477F2ED1DD98
Construct a complex tax return step by step with a Certified Public Accountant CPA,8150ACECE7878B847C69,https://www.udemy.com/course/individual-income-tax-form-1040-comprehensive-problem/?couponCode=8150ACECE7878B847C69
Artificial Intelligence Expert Certification (2021 Edition),FORNEWFANS,https://www.udemy.com/course/artificial-intelligence-exposed-future-10-extreme-edition/?couponCode=FORNEWFANS
"a guide for creative writing, storytelling, and writing fiction",5D24A3A59B93F0CE6FC2,https://www.udemy.com/course/how-to-write-a-romance-novel/?couponCode=5D24A3A59B93F0CE6FC2
"Learn QuickBooks Online 2021 in a comprehensive online course taught by a practicing CPA, CGMA, CPI, with BS tax",7408907E31E315F07157,https://www.udemy.com/course/quickbooks-online-2018-start-to-finish/?couponCode=7408907E31E315F07157
"Learn to use the financial planning tool and how it compares, and or, complements other accounting and finance tools",223FDBFB32FC4B5121DC,https://www.udemy.com/course/personal-capital-free-financial-planner-application/?couponCode=223FDBFB32FC4B5121DC
Learn to record transactions using multiple currencies from a certified public accountant (CPA),5AD1740103EAFD82791A,https://www.udemy.com/course/quickbooks-online-multiple-currencies/?couponCode=5AD1740103EAFD82791A
Learn corporate finance from a practicing CPA Certified Public Accountant,A6EFD56731481197313E,https://www.udemy.com/course/corporate-finance/?couponCode=A6EFD56731481197313E
Fast Track your way to leadership success by practicing the essentials.,LEADERSHIP2021,https://www.udemy.com/course/essential-leadership/?couponCode=LEADERSHIP2021
Learn many PROVEN Ways to Make Money Online. Even 1 Strategy Will Pay Your Course Price Back!,7A6F5987959F7C101FDE,https://www.udemy.com/course/learn-to-make-money-online/?couponCode=7A6F5987959F7C101FDE
"A proofreader ensures content is free of typographical, grammatical, spelling, punctuation, syntax, & other such errors.",APR2021,https://www.udemy.com/course/basics-of-proofreading/?couponCode=APR2021
A complete guide for beginners to learn the essential topics of ES6 which are required to learn React JS,FREEAPR1,https://www.udemy.com/course/modern-javascript-es6-for-react-js/?couponCode=FREEAPR1
Managerial and cost accounting comprehensive course taught bay a practicing Certified Public Accountant (CPA),54E1CABAAF9F5A1FBE79,https://www.udemy.com/course/managerial-accounting-cost-accounting/?couponCode=54E1CABAAF9F5A1FBE79
Wie Sie Bewertungen mit Excel hervorheben können,F240DB8A425951692514,https://www.udemy.com/course/controlling-mit-excel-teil-3/?couponCode=F240DB8A425951692514
Boot-camp to enhanced SQL Query Writing Skills ,EASYLEARN,https://www.udemy.com/course/basic-concepts-of-databases-and-writing-query-in-sql-server/?couponCode=EASYLEARN
Vuélvete un experto del Business Intelligence y extrae valor de los datos.,INSTAGRAM.NUMPI.MX,https://www.udemy.com/course/power-bi-desde-cero/?couponCode=INSTAGRAM.NUMPI.MX
Learn to sketch like professional product designers,SKETCH-FOR-ALL,https://www.udemy.com/course/marker-sketching-from-scratch-to-professional/?couponCode=SKETCH-FOR-ALL
Learn React JS from scratch with hands-on practice assignments and projects.,FREEAPR1,https://www.udemy.com/course/react-js-basics-to-advanced/?couponCode=FREEAPR1
Learn how Money in Excel can be used to create financial reports and complement traditional accounting software like QBO,99B6B7D42193984B9DD3,https://www.udemy.com/course/money-in-excel-income-tax-sch-c-personal-financials/?couponCode=99B6B7D42193984B9DD3
"Fundamental of Mathematics(particularly algebra) through animation,explanations,plenty of solved examples for exam",FRESHDEAL100PCOFF,https://www.udemy.com/course/fundamentals-basics-of-mathematics/?couponCode=FRESHDEAL100PCOFF
"Learn all about how to setup global online exports store, add products, manage online orders, international marketplaces",C3F40DCB780A209E2A22,https://www.udemy.com/course/learn-how-to-setup-online-exports-business-instantly/?couponCode=C3F40DCB780A209E2A22
Learn Java from scratch and become Software Engineer.,JAVA_LEARNERS,https://www.udemy.com/course/project-development-using-java-for-beginners-2020/?couponCode=JAVA_LEARNERS
"Quantity Surveying, Quantity Takeoff, Estimation, Rate Analysis, Blubeam Revu, Planswift, Costing, Construction Drawings",QSBEGINAPR2021,https://www.udemy.com/course/quantity-surveying-with-rate-analysis-and-take-off-beginners/?couponCode=QSBEGINAPR2021
"Learn about the basics of GDPR Compliance, Data Privacy and Data Protection in this 30 minute training course",APR2021,https://www.udemy.com/course/gdpr-and-data-protection-compliance-for-beginners/?couponCode=APR2021
"From Set-up to Bookkeeping, Accounting, Reporting, & Financial Statements in Xero with a Certified Xero Advisor",3AE02CDA306003CD0266,https://www.udemy.com/course/xero-set-up-bookkeeping-accounting/?couponCode=3AE02CDA306003CD0266
"Learn to enter data into QuickBooks for a not for profit organization from a practicing CPA, CGMA, CPI, with B.S.tax",E77FD70415E7FF833AE7,https://www.udemy.com/course/quickbooks-desktop-not-for-profit-organizations/?couponCode=E77FD70415E7FF833AE7
Advanced Artificial Intelligence in Digital Marketing Course,FORFANS,https://www.udemy.com/course/artificial-intelligence-in-digital-marketing-part-2/?couponCode=FORFANS
Using SASS you will create CSS 10x times faster. I’ll teach you how to maintain a code on a whole new level using SASS,618F9A16CFA6D5C992BD,https://www.udemy.com/course/write-clean-css-using-sass/?couponCode=618F9A16CFA6D5C992BD
how to create Advanced Social media web site,A7F4ECB41BD7D4B23D20,https://www.udemy.com/course/pghfgavg/?couponCode=A7F4ECB41BD7D4B23D20
Become a Computer Programmer by Learning Core Java Skills,40F9CFC6CFF4,https://www.udemy.com/course/java-programming-complete-beginner-to-advanced/?couponCode=40F9CFC6CFF4
Learn how to develop applications using java and understand core java concepts and features,FCI-CAREER-BUILD,https://www.udemy.com/course/java-standard-edition-8-deep-understanding-in-arabic/?couponCode=FCI-CAREER-BUILD
Combo Course of Adobe Premiere Pro CC and Adobe Photoshop CC for Learning Video Editing and Graphics Design,FREEGRAPHICSDESIGN,https://www.udemy.com/course/complete-graphics-design-and-video-editing-masterclass/?couponCode=FREEGRAPHICSDESIGN
Learn how to program in python- python functions-python basic apps – python tips and tricks – Other Python features,E1D55737E00F3A9A4B40,https://www.udemy.com/course/python-for-beginners-learn/?couponCode=E1D55737E00F3A9A4B40
The only course you need to learn basics of google chrome extension development and develop your own right away!,C1ECF7486EA06BE40022,https://www.udemy.com/course/chrome-extension-development-course-for-everyone/?couponCode=C1ECF7486EA06BE40022
Use Google Data Studio to create reports & data visualizations from Google Sheets| Google Analytics| Google Ads|BigQuery,APR1FREE,https://www.udemy.com/course/google-data-studio-by-starttech/?couponCode=APR1FREE
SQL course covering basic to advanced SQL topics for SQL Database ( PostgreSQL ). Elucidates SQL Database for beginners,APRFRSQL,https://www.udemy.com/course/the-complete-sql-masterclass-for-data-analytics/?couponCode=APRFRSQL
Home Seller Tips from an Insider!,DC7D144A47C0FB340C60,https://www.udemy.com/course/selling-your-home-for-maximum-value/?couponCode=DC7D144A47C0FB340C60
"Advertising, Sales, E-Commerce, Affiliate Marketing, Digital Marketing Course, Powerful Copywriting, Funnel Strategies",2CBAF2B126F9EBCE7796,https://www.udemy.com/course/the-sales-funnels-explained-course/?couponCode=2CBAF2B126F9EBCE7796
How to Start Your Real Estate Investor Career,FPSREEXPAPR112021,https://www.udemy.com/course/five-proven-steps-to-real-estate-investing-success/?couponCode=FPSREEXPAPR112021
Complete Training + Reference book + Topic wise Quiz + Chapter Wise Quiz + NOTES ,FREEEEE,https://www.udemy.com/course/istqb-foundation-level-certification-with-sample-papers/?couponCode=FREEEEE
How to Get Free Stuff When You Blog or Podcast,TBPMHGEXPAPR112021,https://www.udemy.com/course/blog-perks/?couponCode=TBPMHGEXPAPR112021
You will effectively be able to use Wireshark and troubleshoot networks with a understanding on how protocols work !,VINOAPR3,https://www.udemy.com/course/network-protocol-analysis-using-wireshark-part-1/?couponCode=VINOAPR3
HOW TO PLAN YOUR YOUTUBE MARKETING SUCCESS? YouTube from Strategic and Technical point of view. (DEMO Section Included),307A25FC34CB7CD92360,https://www.udemy.com/course/youtube-strategic-planning-secrets/?couponCode=307A25FC34CB7CD92360
Learn how to track and recognize various weather patterns in real time,28A1AFE6F52E9C922FB5,https://www.udemy.com/course/meteorology-101-part-2/?couponCode=28A1AFE6F52E9C922FB5
Teaching Online & Lecture / Lesson Recording From Home For Very Beginners,91A17BDDB8BE0594D583,https://www.udemy.com/course/remote-teaching-how-to-record-lectures-at-home/?couponCode=91A17BDDB8BE0594D583
Learn 19 Years of Piano Experience in 1 Course!,E278D46C4D89F54070B3,https://www.udemy.com/course/themetemethod/?couponCode=E278D46C4D89F54070B3
Learn About Some Of The Tools For Basic Video Creation,B4318F30883E38599122,https://www.udemy.com/course/intro-to-basic-video-creation/?couponCode=B4318F30883E38599122
مقدمة في أمن المعلومات,FREEBIESGLOBAL.COM,https://www.udemy.com/course/learn-information-security-from-scratch/?couponCode=FREEBIESGLOBAL.COM
Information Technology Basics – أساسيات تكنولوجيا المعلومات,FREEBIESGLOBAL.COM,https://www.udemy.com/course/learn-it-basics/?couponCode=FREEBIESGLOBAL.COM
مساعدك لاحتراف مايكروسوفت ورد باللغة العربية,FREEBIESGLOBAL.COM,https://www.udemy.com/course/fastest-microsoft-word-course/?couponCode=FREEBIESGLOBAL.COM
مساعدك علي تحسين الكالي لينكس وسهولة استخدامه,FREEBIESGLOBAL.COM,https://www.udemy.com/course/optimizing-kali-linux-in-arabic/?couponCode=FREEBIESGLOBAL.COM
Learn to create dynamic web applications using PHP,YOUACCEL39550,https://www.udemy.com/course/learn-php-for-beginners-n/?couponCode=YOUACCEL39550
Understand basic concepts and learn how to design your own data structures,FCI-CAREER-BUILD,https://www.udemy.com/course/data-structures-with-c-programming/?couponCode=FCI-CAREER-BUILD
English course with a native speaker. Learn speaking English correctly and fluently in an easy and interesting way.,D5345811A11E7EB9B816,https://www.udemy.com/course/english-speaking-course-english-at-pre-intermediate-level/?couponCode=D5345811A11E7EB9B816
Learn how to Add Dynamic Client-Side Functions to your Web Pages using CSS & JavaScript,YOUACCEL39550,https://www.udemy.com/course/css-javascript-certification-course-for-beginners/?couponCode=YOUACCEL39550
Learn the essentials of color philosophy and perform technical color correction and grading tasks.,3BAFBBBA3FD3AAE8996D,https://www.udemy.com/course/color-correction-grading-with-adobe-premiere-pro/?couponCode=3BAFBBBA3FD3AAE8996D
Top Python Django Course For Web Development,APRIL2021,https://www.udemy.com/course/develop-a-covid-19-live-web-app-with-python-django/?couponCode=APRIL2021
"Lean the Foundations of HTML & CSS to Create Fully Customized, Mobile Responsive Web Pages",YOUACCEL39550,https://www.udemy.com/course/html-css-certification-course-for-beginners/?couponCode=YOUACCEL39550
Understand Facebook marketing targeting to find your perfect customers my using these targeting strategies,7APRIL2021,https://www.udemy.com/course/facebook-ads-marketing-hindi-urdu-targeting-strategies-2021-2022-2020/?couponCode=7APRIL2021
Make millions by selling with Facebook marketing eCommerce advertising like dropshipping on Shopify NO experience ~ 2020,7APRIL2021,https://www.udemy.com/course/facebook-ads-for-dropshipping-ecommerce-sales-dropshipping-strategy/?couponCode=7APRIL2021
Learn how to Code Web Pages using JavaScript,YOUACCEL39550,https://www.udemy.com/course/learn-javascript-for-beginners-v/?couponCode=YOUACCEL39550
Reach new audience with facebook marketing page likes campaign to get quick fans and customers in 2020,7APRIL2021,https://www.udemy.com/course/grow-fan-page-facebook-marketing-page-likes-ad-offers-messages-pixel/?couponCode=7APRIL2021
Everything you need to know about Adobe Photoshop CC 2020 – Learn with Projects! Web-Graphic-Video-App-Icon-Design,TRY10FREE42103,https://www.udemy.com/course/learn-basic-photoshop/?couponCode=TRY10FREE42103
Edit video courses with Camtasia ~ Learn video editing create professional high-quality videos & ELearning,7APRIL2021,https://www.udemy.com/course/camtasia-video-editing-youtube-animation-elearning-in-hindi-urdu/?couponCode=7APRIL2021
"Everything you need to know about SAP Basis. System admin, configuration, security, monitor",B3520651A5959E213071,https://www.udemy.com/course/sap-basis-erp/?couponCode=B3520651A5959E213071
Learn to Create Database Driven Web Applications using MySQL,YOUACCEL39550,https://www.udemy.com/course/learn-mysql-for-beginners/?couponCode=YOUACCEL39550
"Setup a youtube page and run your first Google Ad, setup facebook page & events campaignfor beginners in 2020",7APRIL2021,https://www.udemy.com/course/start-vlogging-youtube-channel-marketing-videos-editing-phone/?couponCode=7APRIL2021
Learn to Work with Cascading Style Sheets,YOUACCEL39550,https://www.udemy.com/course/learn-css-for-beginners/?couponCode=YOUACCEL39550
Covering everything about the basics of SAP implementation ins and outs with SAP Activate and Accelerated SAP,D2915F704B0AA9D47EEE,https://www.udemy.com/course/sap-erp-project/?couponCode=D2915F704B0AA9D47EEE
"Market any event with facebook ads in 1 hour.Sell tickets, get registrations & event response. Hack strategy for results",7APRIL2021,https://www.udemy.com/course/facebook-marketing-for-events-advertising-hacks-strategy/?couponCode=7APRIL2021
CSS3 For Web Development,TRY10FREE42103,https://www.udemy.com/course/the-complete-css-course/?couponCode=TRY10FREE42103
Have the knowledge of a rocket scientist and learn how to deal with complex equations critical to rocket propulsion!,C5D665478A836B11DE3D,https://www.udemy.com/course/aerospace-engineering-rocket-science-and-engineering/?couponCode=C5D665478A836B11DE3D
"The crucial physics, electronics and electrical engineering concepts you need to design and build electronic circuits",8984B572C4EFC3DEB3C5,https://www.udemy.com/course/electronics-mastery-understand-the-fundamentals-fast/?couponCode=8984B572C4EFC3DEB3C5
Learn to create mobile-responsive web pages using Bootstrap,YOUACCEL39550,https://www.udemy.com/course/learn-bootstrap-for-beginners/?couponCode=YOUACCEL39550
"Use Facebook Advertising to generate leads for any business, my secret method be very useful even if you are new to this",7APRIL2021,https://www.udemy.com/course/facebook-ads-marketing-lead-generation-business-digital-marketing/?couponCode=7APRIL2021
Learn Front-End Web Development,TRY10FREE42103,https://www.udemy.com/course/learn-front-end-development/?couponCode=TRY10FREE42103
SETUP Efficient Facebook Advertising Strategy. OPTIMISE Facebook Ads Budget. MASTER Facebook Marketing & Facebook Ads.,DOGOOD7722,https://www.udemy.com/course/facebook-ads-strategy/?couponCode=DOGOOD7722
Go from Beginner to Advanced with Python 3,TRY10FREE42103,https://www.udemy.com/course/python-3-master-course-for-2021/?couponCode=TRY10FREE42103
Learn the Details about Making Money Online with 10 Transcription Jobs From Home,F21256BE105BA2D7FF51,https://www.udemy.com/course/work-home-transcription-jobs/?couponCode=F21256BE105BA2D7FF51
Design Ecommerce business on Shopify & run facebook page likes ad for marketing in 60 minutes,7APRIL2021,https://www.udemy.com/course/build-shopify-ecommerce-website-30-min-zero-experience-2020-2021-2022/?couponCode=7APRIL2021
Everything you need to know about Microsoft Office 365,TRY10FREE42103,https://www.udemy.com/course/learn-microsoft-office-365/?couponCode=TRY10FREE42103
Everything you need to know about Advanced JavaScript,TRY10FREE42103,https://www.udemy.com/course/the-learn-javascript-course/?couponCode=TRY10FREE42103
"Create data visualization, monitor performance, manage risk with SAP Bl, EPM, GRC and get more insights from your data.",DB99805960E8F3A3F17B,https://www.udemy.com/course/sap-bi-bo/?couponCode=DB99805960E8F3A3F17B
HTML5 For Web Development,TRY10FREE42103,https://www.udemy.com/course/the-complete-html-5-course-from-scratch/?couponCode=TRY10FREE42103
"Learn to create animated, interactive web pages using jQuery Library",YOUACCEL39550,https://www.udemy.com/course/learn-jquery-for-beginners/?couponCode=YOUACCEL39550
Everything you need to know about GitLab,TRY10FREE42103,https://www.udemy.com/course/gitlab-course/?couponCode=TRY10FREE42103
Everything you need to know about G Suite,TRY10FREE42103,https://www.udemy.com/course/learn-g-suite/?couponCode=TRY10FREE42103
"Profitable Swing Trading Strategy that can be Applied to Forex Trading, Stock Trading and any other Financial Markets.",1APR21,https://www.udemy.com/course/swing-trading/?couponCode=1APR21
"(In Hindi) Sell Your courses & get students with my free marketing secret, Full learn video editing & secret strategy",7APRIL2021,https://www.udemy.com/course/teach-udemy-passive-income-online-course-creation-hindi-urdu-2021-2022/?couponCode=7APRIL2021
"Facebook Marketing Targeting Strategy To Find More Customers, sales and leads In 2021",7APRIL2021,https://www.udemy.com/course/facebook-ads-marketing-targeting-strategy-2021-2020/?couponCode=7APRIL2021
"Learn principles & practices of intrinsic motivators for team success; autonomy, mastery & purpose",LEARN01,https://www.udemy.com/course/team-motivation/?couponCode=LEARN01
Find the Best Way to Make Money From Home That Fits YOUR Needs!,0606491215D435BC3BE6,https://www.udemy.com/course/work-from-home-job-opportunities/?couponCode=0606491215D435BC3BE6
أقوي شرح عربي مهنى لإعداد الموازنات التقديرية – يبدأ معك خطوة بحطوة  من الصفر وحتى الإحتراف,DA43CA04D79223C60B56,https://www.udemy.com/course/preparing-budgets-in-arabic/?couponCode=DA43CA04D79223C60B56
"Learn high impact communication skills for emails, group messaging, online meetings, social media & verbal communication",LEARN01,https://www.udemy.com/course/high-impact-communication-skills/?couponCode=LEARN01
"Increase your Agile team’s success today with servant leadership, trust & management behaviour that uplifts & empowers",LEARN01,https://www.udemy.com/course/empower-agile-teams/?couponCode=LEARN01
"Learn to create stories, plans, digital boardroom, analytic apps, and make predictions in SAC. Data source included.",68D5451E1B6B91B7F3B9,https://www.udemy.com/course/sap-analytics-cloud-sac/?couponCode=68D5451E1B6B91B7F3B9
أقوي شرح عربي لإعداد القوائم المالية و الايضاحات المتممة مع التطبيق العملى على شركة المراعى وبنك التجاري الدولى,128AC13849763C0AB7EE,https://www.udemy.com/course/preparing-financial-statements/?couponCode=128AC13849763C0AB7EE
أقوي شرح عربي للتحليل المالي بصورة عملية و مهنية – يبدأ معك خطوة بحطوة  من الصفر وحتى الإحتراف,527D14D1A0FA1CEAED25,https://www.udemy.com/course/financial-analysis-in-arabic/?couponCode=527D14D1A0FA1CEAED25
أقوي شرح عربي لبرنامج مايكروسوفت إكسيل – يبدأ معك خطوة بحطوة  من الصفر وحتى الإحتراف,E1DAAC4BF18B44CFC622,https://www.udemy.com/course/microsoft-excel-from-beginner-to-advancedin-arabic/?couponCode=E1DAAC4BF18B44CFC622
اقوى كورس لشرح معايير المحاسبة الدولية للمحاسبة الشرح بسيط جدا وبطريقة عملى – شرح كامل للمعايير المحاسبة بأحدث تعديلات,71B19E96C7437A188F67,https://www.udemy.com/course/acca-certifrs/?couponCode=71B19E96C7437A188F67
"Inventory Optimization Course for better decision making in your Purchasing, Inventory Management and Supply Chain",311819DAD819E3117516,https://www.udemy.com/course/operation-management-inventory-management-and-control/?couponCode=311819DAD819E3117516
Get well versed with Machine learning and AI by working on Hands-on Projects.,FREEAPR1,https://www.udemy.com/course/machine-learning-and-ai-with-hands-on-projects/?couponCode=FREEAPR1
أقوي شرح عربي للمحاسبة الماتريال بالانجليزي و الشرح بالعربي – يبدأ معك خطوة بحطوة  من الصفر وحتى الإحتراف,0F88A6C9466B00C6CACB,https://www.udemy.com/course/international-financial-reporting-standards-ifrs-k/?couponCode=0F88A6C9466B00C6CACB
Master Excel/microsoft Excel- Learn MS Excel – Excel formulas/Excel charts/Excel functions using Excel 2016/Excel 2019,D4F79199211F09A9240E,https://www.udemy.com/course/microsoft-excel-the-complete-intro/?couponCode=D4F79199211F09A9240E
Rules of Chinese Stroke Orders — Bi Hua 笔画,4EEEEBA20F12150D1717,https://www.udemy.com/course/how-to-write-chinese-character-in-90-minutes-with-flash-card/?couponCode=4EEEEBA20F12150D1717
Arabic language for beginners,STUDY-ARABIC,https://www.udemy.com/course/absolute-arabic-language-course-from-zero-to-hero/?couponCode=STUDY-ARABIC
"A brain-friendly course for blockchain, from Bitcoin to Ethereum. Learn the use cases, benefits and the technology",C45BB9E52795EAF33659,https://www.udemy.com/course/blockchain-deep-dive-from-bitcoin-to-ethereum-to-crypto/?couponCode=C45BB9E52795EAF33659
Curso de Photoshop de cero a semi experto,555A192E486798C0F177,https://www.udemy.com/course/photoshop-para-redes-sociales/?couponCode=555A192E486798C0F177
Learn Agile Scrum Master Concepts for 2020 & 2021,553EF28B6A6CED5B07D7,https://www.udemy.com/course/mastering-agile-scrum-workshop/?couponCode=553EF28B6A6CED5B07D7
Anger management therapy with stress management techniques – Anger management exercises save your relationships!,B19FE4058E70ACEFDDF9,https://www.udemy.com/course/anger-stress-management-bootcamp-for-success-in-life/?couponCode=B19FE4058E70ACEFDDF9
Quickly stack using Typescript with React and build great apps!,SPECIAL,https://www.udemy.com/course/typescript-with-react-jest-testing/?couponCode=SPECIAL
Confidence,531C1713C2F994E95F7D,https://www.udemy.com/course/self-confidence-masterclass/?couponCode=531C1713C2F994E95F7D
"To present yourself well in the interview and to make a good impression, you should master the job interview.",APRIL21,https://www.udemy.com/course/mastering-the-interview-b/?couponCode=APRIL21
Learn the Basics of Developing an Android App and Build your very own Bluetooth Chat Application from Scratch.,FREEAPR1,https://www.udemy.com/course/a-beginners-guide-to-android-app-development/?couponCode=FREEAPR1
learn to navigate on the deep web on a daily basis,41FA36C1190BD2BA7520,https://www.udemy.com/course/the-complete-introduction-to-the-deep-web/?couponCode=41FA36C1190BD2BA7520
Artificial Intelligence in Web Design Certification (2021),FORTHEBIGFANS,https://www.udemy.com/course/artificial-intelligence-website-creation-2018-no-coding/?couponCode=FORTHEBIGFANS
Learn the Kanban way of Agile Project Management | Prepare for Kanban Certification | Kanban for Software Development,KANBANAPRILVI,https://www.udemy.com/course/agile-kanban/?couponCode=KANBANAPRILVI
"Learn How to Get 1,000,000’s of Views and Grow Your YouTube Channel Into a MONEY-MAKING MACHINE",913C5B4618177910A487,https://www.udemy.com/course/learn-to-make-money-on-youtube/?couponCode=913C5B4618177910A487
Hands-on guide to Microsoft Power BI DAX,641BF177E7F9D965C06D,https://www.udemy.com/course/microsoft-power-bi-dax-foundation-from-scratch/?couponCode=641BF177E7F9D965C06D
How to Create Win-Win in Foreclosures,FSREIEXPAPR112021,https://www.udemy.com/course/foreclosure-real-estate-investing/?couponCode=FSREIEXPAPR112021
A practical approach,FREE_APRIL,https://www.udemy.com/course/learn-servlets-basics-in-a-few-hours/?couponCode=FREE_APRIL
Understand basics of database design & development through step by step procedure,DBAPR2021,https://www.udemy.com/course/database-design-development/?couponCode=DBAPR2021
"Learn How To Code Python For Data Science, ML & Data Analysis,  With 100+ Exercises and 4 Real Life Projects !",40238FC2EC8D509E7A7A,https://www.udemy.com/course/data-analysis-with-pandas-a-complete-tutorial/?couponCode=40238FC2EC8D509E7A7A
This course helps you understand the various rules under HIPAA and how to be compliant with that.,1F061B4869EBA6934A78,https://www.udemy.com/course/understanding-hipaa-compliance/?couponCode=1F061B4869EBA6934A78
"Learn About Building out Scalable, Resilient Big Data Solutions Using Various Services on AWS Cloud Platform",383CC6BA44A8B5FCB516,https://www.udemy.com/course/big-data-on-amazon-web-services-aws-cloud-2018/?couponCode=383CC6BA44A8B5FCB516
Getting it Done,B8CC73EA8C900544B4F4,https://www.udemy.com/course/time-management-for-professionals/?couponCode=B8CC73EA8C900544B4F4
Use blender 2.8 or a later version to create amazing visualizations for booths and exhibition designs,EXHBITAPRIL,https://www.udemy.com/course/learn-3d-visualization-for-booths-and-exhibitions/?couponCode=EXHBITAPRIL
"Step by Step, easy to comprehend guide on how to use Excel PivotTables with examples",0B23FFE2B2286822635B,https://www.udemy.com/course/data-analytics-with-excel-pivottables-2016/?couponCode=0B23FFE2B2286822635B
Learn JavaScript Fundamentals from the Scratch,38584AE74FEBD17AB2C5,https://www.udemy.com/course/javascript-fundamentals-a-course-for-absolute-beginners/?couponCode=38584AE74FEBD17AB2C5
